question,answer
What are healthy fats?,Healthy fats include avocados nuts seeds and olive oil.
dietHow many calories should I eat?,Caloric intake depends on age gender and activity level. An average adult requires 2000-2500 calories per day.
What is a balanced ?,A balanced diet includes fruits vegetables lean proteins whole grains and healthy fats.
What foods can help boost my immune system?,Foods rich in vitamins A C and E can help boost your immune system.
What is intermittent fasting?,Intermittent fasting is cycling between periods of eating and fasting.
What is a ketogenic diet?,A ketogenic diet is a high-fat low-carb diet that forces the body to burn fats rather than carbohydrates for energy.
Hi, Helloooo How should i help you?
What should I eat for breakfast?,A good breakfast could be oatmeal with fruit or eggs with whole-grain toast.
Thank you,You're welcome! If you have more questions feel free to ask!
Hey, Hello! How can I help you today?
I feel so tired, Iâ€™m sorry to hear that! Feeling tired can be tough. Here are a few suggestions to help you feel better: Rest: Take a short break or a power nap if you can. Sometimes just a few minutes of rest can make a big difference.Stay Hydrated: Drink some water or herbal tea. Dehydration can often lead to feelings of fatigue.Eat a Healthy Snack: A small snack with protein or healthy fats like nuts or yogurt can give you a quick energy boost. If your tiredness persists it might be worth checking in with a healthcare professional. Take care of yourself!
I am sivaudhaya, friend of Tamil Amuthu! such a beautiful person 
I am yazhini, friend of Tamil Amuthu! such a beautiful person